{"cameraMode":{"drawMode":0,"name":"Shaded","section":"Shading Mode"},"sceneLighting":true,"audioPlay":false,"sceneViewState":{"showFog":false,"showMaterialUpdate":false,"showSkybox":false,"showFlares":false,"showImageEffects":false,"showParticleSystems":false,"showVisualEffectGraphs":true,"m_FxEnabled":true},"in2DMode":false,"pivot":{"x":0.047730088233947757,"y":0.29578423500061037,"z":-2.0278797149658205},"rotation":{"x":0.034478455781936648,"y":0.029080241918563844,"z":-0.0010044483933597804,"w":0.99898362159729},"size":5.99940824508667,"orthographic":false}